Datetime,Water Level (m)
2025-03-29 00:00:00,-0.20004328
2025-03-29 01:00:00,-0.37187454
2025-03-29 02:00:00,-0.5242109
2025-03-29 03:00:00,-0.6160958
2025-03-29 04:00:00,-0.29646388
2025-03-29 05:00:00,0.14677943
2025-03-29 06:00:00,0.54510057
2025-03-29 07:00:00,0.8356956
2025-03-29 08:00:00,0.9227397
2025-03-29 09:00:00,0.7118598
2025-03-29 10:00:00,0.37001953
2025-03-29 11:00:00,0.10459196
2025-03-29 12:00:00,-0.11512668
2025-03-29 13:00:00,-0.29180938
2025-03-29 14:00:00,-0.45022738
2025-03-29 15:00:00,-0.56652826
2025-03-29 16:00:00,-0.3173832
2025-03-29 17:00:00,0.15967673
2025-03-29 18:00:00,0.56671214
2025-03-29 19:00:00,0.87395686
2025-03-29 20:00:00,0.9761344
2025-03-29 21:00:00,0.7728231
2025-03-29 22:00:00,0.4194591
2025-03-29 23:00:00,0.13774209
2025-03-30 00:00:00,-0.0900983
2025-03-30 01:00:00,-0.27249795
2025-03-30 02:00:00,-0.43592533
2025-03-30 03:00:00,-0.5787964
2025-03-30 04:00:00,-0.6201274
2025-03-30 05:00:00,-0.12403457
2025-03-30 06:00:00,0.33000174
2025-03-30 07:00:00,0.7149693
2025-03-30 08:00:00,0.9513364
2025-03-30 09:00:00,0.9202978
2025-03-30 10:00:00,0.60307926
2025-03-30 11:00:00,0.2893897
2025-03-30 12:00:00,0.03820501
2025-03-30 13:00:00,-0.16665767
2025-03-30 14:00:00,-0.3348167
2025-03-30 15:00:00,-0.48527318
2025-03-30 16:00:00,-0.57402116
2025-03-30 17:00:00,-0.18790528
2025-03-30 18:00:00,0.2754533
2025-03-30 19:00:00,0.67332983
2025-03-30 20:00:00,0.92851937
2025-03-30 21:00:00,0.9306655
2025-03-30 22:00:00,0.6240926
2025-03-30 23:00:00,0.2944711
2025-03-31 00:00:00,0.034945652
2025-03-31 01:00:00,-0.1739388
2025-03-31 02:00:00,-0.3458619
2025-03-31 03:00:00,-0.50044787
2025-03-31 04:00:00,-0.6265345
2025-03-31 05:00:00,-0.47683597
2025-03-31 06:00:00,0.04941625
2025-03-31 07:00:00,0.49144742
2025-03-31 08:00:00,0.8429615
2025-03-31 09:00:00,1.0040926
2025-03-31 10:00:00,0.8683806
2025-03-31 11:00:00,0.51570153
2025-03-31 12:00:00,0.22173388
2025-03-31 13:00:00,-0.013994717
2025-03-31 14:00:00,-0.20046514
2025-03-31 15:00:00,-0.36100566
2025-03-31 16:00:00,-0.49891788
2025-03-31 17:00:00,-0.4766681
2025-03-31 18:00:00,0.014807501
2025-03-31 19:00:00,0.43499354
2025-03-31 20:00:00,0.7844398
2025-03-31 21:00:00,0.955755
2025-03-31 22:00:00,0.84994364
2025-03-31 23:00:00,0.5049468
2025-04-01 00:00:00,0.20746507
2025-04-01 01:00:00,-0.030196067
2025-04-01 02:00:00,-0.21817987
2025-04-01 03:00:00,-0.3802809
2025-04-01 04:00:00,-0.52530366
2025-04-01 05:00:00,-0.60627156
2025-04-01 06:00:00,-0.21855783
2025-04-01 07:00:00,0.23974386
2025-04-01 08:00:00,0.63913196
2025-04-01 09:00:00,0.91571796
2025-04-01 10:00:00,0.96658003
2025-04-01 11:00:00,0.7211396
2025-04-01 12:00:00,0.38350672
2025-04-01 13:00:00,0.118336156
2025-04-01 14:00:00,-0.095209755
2025-04-01 15:00:00,-0.26353142
2025-04-01 16:00:00,-0.41374233
2025-04-01 17:00:00,-0.5293735
2025-04-01 18:00:00,-0.3478138
2025-04-01 19:00:00,0.098025285
2025-04-01 20:00:00,0.46703002
2025-04-01 21:00:00,0.7318772
2025-04-01 22:00:00,0.8124319
2025-04-01 23:00:00,0.6124475
2025-04-02 00:00:00,0.28994292
2025-04-02 01:00:00,0.035764966
2025-04-02 02:00:00,-0.17328244
2025-04-02 03:00:00,-0.34137836
2025-04-02 04:00:00,-0.4913781
2025-04-02 05:00:00,-0.6132829
2025-04-02 06:00:00,-0.55648226
2025-04-02 07:00:00,-0.10635606
2025-04-02 08:00:00,0.2925248
2025-04-02 09:00:00,0.62791795
2025-04-02 10:00:00,0.8312662
2025-04-02 11:00:00,0.81626755
2025-04-02 12:00:00,0.5441946
2025-04-02 13:00:00,0.24570794
2025-04-02 14:00:00,0.008188831
2025-04-02 15:00:00,-0.17868601
2025-04-02 16:00:00,-0.33548868
2025-04-02 17:00:00,-0.46620157
2025-04-02 18:00:00,-0.5176705
2025-04-02 19:00:00,-0.19293848
2025-04-02 20:00:00,0.15998252
2025-04-02 21:00:00,0.4563688
2025-04-02 22:00:00,0.62606966
2025-04-02 23:00:00,0.60469997
2025-04-03 00:00:00,0.35255954
2025-04-03 01:00:00,0.08610694
2025-04-03 02:00:00,-0.13296746
2025-04-03 03:00:00,-0.30826017
2025-04-03 04:00:00,-0.45804057
2025-04-03 05:00:00,-0.5844005
2025-04-03 06:00:00,-0.6576953
2025-04-03 07:00:00,-0.40736222
2025-04-03 08:00:00,-0.039548058
2025-04-03 09:00:00,0.30578676
2025-04-03 10:00:00,0.56332135
2025-04-03 11:00:00,0.6924879
2025-04-03 12:00:00,0.6321824
2025-04-03 13:00:00,0.37096685
2025-04-03 14:00:00,0.12008214
2025-04-03 15:00:00,-0.086919956
2025-04-03 16:00:00,-0.24841371
2025-04-03 17:00:00,-0.3811829
2025-04-03 18:00:00,-0.47319636
2025-04-03 19:00:00,-0.3955162
2025-04-03 20:00:00,-0.07305059
2025-04-03 21:00:00,0.20235267
2025-04-03 22:00:00,0.4048474
2025-04-03 23:00:00,0.48387107
2025-04-04 00:00:00,0.39379314
